STRUCTURE,STRUCTURE_ID,STRUCTURE_NAME,ACTION,REF_AREA,Reference area,MEASURE,Measure,UNIT_MEASURE,Unit of measure,AGE,Age,SEX,Sex,EDUCATION_LEV,Education level,DOMAIN,Domain,TIME_PERIOD,Time period,OBS_VALUE,Observation value,OBS_STATUS,Observation status,UNIT_MULT,Unit multiplier,DECIMALS,Decimals,BASE_PER,Base period
DATAFLOW,OECD.WISE.WDP:DSD_HSL@DF_HSL_CWB(1.1),Current well-being,I,CZE,Czechia,10_2,Feeling safe at night,PT_POP_Y_GE15,Percentage of population aged 15 years or over,_T,Total,_T,Total,_T,Total,HSL_10,Safety,2021,,77.6666666667,,A,Normal value,0,Units,2,Two,,
DATAFLOW,OECD.WISE.WDP:DSD_HSL@DF_HSL_CWB(1.1),Current well-being,I,BEL,Belgium,10_2,Feeling safe at night,PT_POP_Y_GE15,Percentage of population aged 15 years or over,_T,Total,_T,Total,_T,Total,HSL_10,Safety,2023,,71,,A,Normal value,0,Units,2,Two,,
DATAFLOW,OECD.WISE.WDP:DSD_HSL@DF_HSL_CWB(1.1),Current well-being,I,BEL,Belgium,10_2,Feeling safe at night,PT_POP_Y_GE15,Percentage of population aged 15 years or over,_T,Total,_T,Total,_T,Total,HSL_10,Safety,2024,,71,,A,Normal value,0,Units,2,Two,,
DATAFLOW,OECD.WISE.WDP:DSD_HSL@DF_HSL_CWB(1.1),Current well-being,I,CHE,Switzerland,10_2,Feeling safe at night,PT_POP_Y_GE15,Percentage of population aged 15 years or over,_T,Total,_T,Total,_T,Total,HSL_10,Safety,2023,,87.5,,A,Normal value,0,Units,2,Two,,
DATAFLOW,OECD.WISE.WDP:DSD_HSL@DF_HSL_CWB(1.1),Current well-being,I,GRC,Greece,10_2,Feeling safe at night,PT_POP_Y_GE15,Percentage of population aged 15 years or over,_T,Total,_T,Total,_T,Total,HSL_10,Safety,2022,,66.3333333333,,A,Normal value,0,Units,2,Two,,
DATAFLOW,OECD.WISE.WDP:DSD_HSL@DF_HSL_CWB(1.1),Current well-being,I,DEU,Germany,10_2,Feeling safe at night,PT_POP_Y_GE15,Percentage of population aged 15 years or over,_T,Total,_T,Total,_T,Total,HSL_10,Safety,2022,,75.3333333333,,A,Normal value,0,Units,2,Two,,
DATAFLOW,OECD.WISE.WDP:DSD_HSL@DF_HSL_CWB(1.1),Current well-being,I,NLD,Netherlands,10_2,Feeling safe at night,PT_POP_Y_GE15,Percentage of population aged 15 years or over,_T,Total,_T,Total,_T,Total,HSL_10,Safety,2019,,82.6666666667,,A,Normal value,0,Units,2,Two,,
DATAFLOW,OECD.WISE.WDP:DSD_HSL@DF_HSL_CWB(1.1),Current well-being,I,NLD,Netherlands,10_2,Feeling safe at night,PT_POP_Y_GE15,Percentage of population aged 15 years or over,_T,Total,_T,Total,_T,Total,HSL_10,Safety,2020,,82.6666666667,,A,Normal value,0,Units,2,Two,,
DATAFLOW,OECD.WISE.WDP:DSD_HSL@DF_HSL_CWB(1.1),Current well-being,I,NLD,Netherlands,10_2,Feeling safe at night,PT_POP_Y_GE15,Percentage of population aged 15 years or over,_T,Total,_T,Total,_T,Total,HSL_10,Safety,2021,,82.6666666667,,A,Normal value,0,Units,2,Two,,
DATAFLOW,OECD.WISE.WDP:DSD_HSL@DF_HSL_CWB(1.1),Current well-being,I,BEL,Belgium,10_2,Feeling safe at night,PT_POP_Y_GE15,Percentage of population aged 15 years or over,_T,Total,_T,Total,_T,Total,HSL_10,Safety,2022,,65.6666666667,,A,Normal value,0,Units,2,Two,,
DATAFLOW,OECD.WISE.WDP:DSD_HSL@DF_HSL_CWB(1.1),Current well-being,I,AUT,Austria,10_2,Feeling safe at night,PT_POP_Y_GE15,Percentage of population aged 15 years or over,_T,Total,_T,Total,_T,Total,HSL_10,Safety,2022,,82.3333333333,,A,Normal value,0,Units,2,Two,,
DATAFLOW,OECD.WISE.WDP:DSD_HSL@DF_HSL_CWB(1.1),Current well-being,I,AUT,Austria,10_2,Feeling safe at night,PT_POP_Y_GE15,Percentage of population aged 15 years or over,_T,Total,_T,Total,_T,Total,HSL_10,Safety,2020,,82.3333333333,,A,Normal value,0,Units,2,Two,,
DATAFLOW,OECD.WISE.WDP:DSD_HSL@DF_HSL_CWB(1.1),Current well-being,I,AUT,Austria,10_2,Feeling safe at night,PT_POP_Y_GE15,Percentage of population aged 15 years or over,_T,Total,_T,Total,_T,Total,HSL_10,Safety,2021,,82.3333333333,,A,Normal value,0,Units,2,Two,,
DATAFLOW,OECD.WISE.WDP:DSD_HSL@DF_HSL_CWB(1.1),Current well-being,I,ROU,Romania,10_2,Feeling safe at night,PT_POP_Y_GE15,Percentage of population aged 15 years or over,_T,Total,_T,Total,_T,Total,HSL_10,Safety,2022,,67.3333333333,,A,Normal value,0,Units,2,Two,,
DATAFLOW,OECD.WISE.WDP:DSD_HSL@DF_HSL_CWB(1.1),Current well-being,I,HRV,Croatia,10_2,Feeling safe at night,PT_POP_Y_GE15,Percentage of population aged 15 years or over,_T,Total,_T,Total,_T,Total,HSL_10,Safety,2019,,72.6666666667,,A,Normal value,0,Units,2,Two,,
DATAFLOW,OECD.WISE.WDP:DSD_HSL@DF_HSL_CWB(1.1),Current well-being,I,GBR,United Kingdom,10_2,Feeling safe at night,PT_POP_Y_GE15,Percentage of population aged 15 years or over,_T,Total,_T,Total,_T,Total,HSL_10,Safety,2022,,73.6666666667,,A,Normal value,0,Units,2,Two,,
DATAFLOW,OECD.WISE.WDP:DSD_HSL@DF_HSL_CWB(1.1),Current well-being,I,CHE,Switzerland,10_2,Feeling safe at night,PT_POP_Y_GE15,Percentage of population aged 15 years or over,_T,Total,_T,Total,_T,Total,HSL_10,Safety,2022,,86.3333333333,,A,Normal value,0,Units,2,Two,,
DATAFLOW,OECD.WISE.WDP:DSD_HSL@DF_HSL_CWB(1.1),Current well-being,I,SWE,Sweden,10_2,Feeling safe at night,PT_POP_Y_GE15,Percentage of population aged 15 years or over,_T,Total,_T,Total,_T,Total,HSL_10,Safety,2022,,80.6666666667,,A,Normal value,0,Units,2,Two,,
DATAFLOW,OECD.WISE.WDP:DSD_HSL@DF_HSL_CWB(1.1),Current well-being,I,ESP,Spain,10_2,Feeling safe at night,PT_POP_Y_GE15,Percentage of population aged 15 years or over,_T,Total,_T,Total,_T,Total,HSL_10,Safety,2022,,80.3333333333,,A,Normal value,0,Units,2,Two,,
DATAFLOW,OECD.WISE.WDP:DSD_HSL@DF_HSL_CWB(1.1),Current well-being,I,SVN,Slovenia,10_2,Feeling safe at night,PT_POP_Y_GE15,Percentage of population aged 15 years or over,_T,Total,_T,Total,_T,Total,HSL_10,Safety,2019,,89.3333333333,,A,Normal value,0,Units,2,Two,,
DATAFLOW,OECD.WISE.WDP:DSD_HSL@DF_HSL_CWB(1.1),Current well-being,I,GBR,United Kingdom,10_2,Feeling safe at night,PT_POP_Y_GE15,Percentage of population aged 15 years or over,_T,Total,_T,Total,_T,Total,HSL_10,Safety,2018,,77.6666666667,,A,Normal value,0,Units,2,Two,,
DATAFLOW,OECD.WISE.WDP:DSD_HSL@DF_HSL_CWB(1.1),Current well-being,I,GBR,United Kingdom,10_2,Feeling safe at night,PT_POP_Y_GE15,Percentage of population aged 15 years or over,_T,Total,_T,Total,_T,Total,HSL_10,Safety,2019,,77.6666666667,,A,Normal value,0,Units,2,Two,,
DATAFLOW,OECD.WISE.WDP:DSD_HSL@DF_HSL_CWB(1.1),Current well-being,I,GBR,United Kingdom,10_2,Feeling safe at night,PT_POP_Y_GE15,Percentage of population aged 15 years or over,_T,Total,_T,Total,_T,Total,HSL_10,Safety,2020,,73.6666666667,,A,Normal value,0,Units,2,Two,,
DATAFLOW,OECD.WISE.WDP:DSD_HSL@DF_HSL_CWB(1.1),Current well-being,I,GBR,United Kingdom,10_2,Feeling safe at night,PT_POP_Y_GE15,Percentage of population aged 15 years or over,_T,Total,_T,Total,_T,Total,HSL_10,Safety,2021,,73.6666666667,,A,Normal value,0,Units,2,Two,,
DATAFLOW,OECD.WISE.WDP:DSD_HSL@DF_HSL_CWB(1.1),Current well-being,I,ITA,Italy,10_2,Feeling safe at night,PT_POP_Y_GE15,Percentage of population aged 15 years or over,_T,Total,_T,Total,_T,Total,HSL_10,Safety,2022,,70.3333333333,,A,Normal value,0,Units,2,Two,,
DATAFLOW,OECD.WISE.WDP:DSD_HSL@DF_HSL_CWB(1.1),Current well-being,I,IRL,Ireland,10_2,Feeling safe at night,PT_POP_Y_GE15,Percentage of population aged 15 years or over,_T,Total,_T,Total,_T,Total,HSL_10,Safety,2019,,76.6666666667,,A,Normal value,0,Units,2,Two,,
DATAFLOW,OECD.WISE.WDP:DSD_HSL@DF_HSL_CWB(1.1),Current well-being,I,ISL,Iceland,10_2,Feeling safe at night,PT_POP_Y_GE15,Percentage of population aged 15 years or over,_T,Total,_T,Total,_T,Total,HSL_10,Safety,2024,,87.5,,A,Normal value,0,Units,2,Two,,
DATAFLOW,OECD.WISE.WDP:DSD_HSL@DF_HSL_CWB(1.1),Current well-being,I,HUN,Hungary,10_2,Feeling safe at night,PT_POP_Y_GE15,Percentage of population aged 15 years or over,_T,Total,_T,Total,_T,Total,HSL_10,Safety,2022,,73.6666666667,,A,Normal value,0,Units,2,Two,,
DATAFLOW,OECD.WISE.WDP:DSD_HSL@DF_HSL_CWB(1.1),Current well-being,I,GRC,Greece,10_2,Feeling safe at night,PT_POP_Y_GE15,Percentage of population aged 15 years or over,_T,Total,_T,Total,_T,Total,HSL_10,Safety,2021,,66.3333333333,,A,Normal value,0,Units,2,Two,,
DATAFLOW,OECD.WISE.WDP:DSD_HSL@DF_HSL_CWB(1.1),Current well-being,I,DEU,Germany,10_2,Feeling safe at night,PT_POP_Y_GE15,Percentage of population aged 15 years or over,_T,Total,_T,Total,_T,Total,HSL_10,Safety,2023,,76,,A,Normal value,0,Units,2,Two,,
DATAFLOW,OECD.WISE.WDP:DSD_HSL@DF_HSL_CWB(1.1),Current well-being,I,DEU,Germany,10_2,Feeling safe at night,PT_POP_Y_GE15,Percentage of population aged 15 years or over,_T,Total,_T,Total,_T,Total,HSL_10,Safety,2024,,76,,A,Normal value,0,Units,2,Two,,
DATAFLOW,OECD.WISE.WDP:DSD_HSL@DF_HSL_CWB(1.1),Current well-being,I,DEU,Germany,10_2,Feeling safe at night,PT_POP_Y_GE15,Percentage of population aged 15 years or over,_T,Total,_T,Total,_T,Total,HSL_10,Safety,2018,,71.3333333333,,A,Normal value,0,Units,2,Two,,
DATAFLOW,OECD.WISE.WDP:DSD_HSL@DF_HSL_CWB(1.1),Current well-being,I,DEU,Germany,10_2,Feeling safe at night,PT_POP_Y_GE15,Percentage of population aged 15 years or over,_T,Total,_T,Total,_T,Total,HSL_10,Safety,2019,,71.3333333333,,A,Normal value,0,Units,2,Two,,
DATAFLOW,OECD.WISE.WDP:DSD_HSL@DF_HSL_CWB(1.1),Current well-being,I,DEU,Germany,10_2,Feeling safe at night,PT_POP_Y_GE15,Percentage of population aged 15 years or over,_T,Total,_T,Total,_T,Total,HSL_10,Safety,2020,,75.3333333333,,A,Normal value,0,Units,2,Two,,
DATAFLOW,OECD.WISE.WDP:DSD_HSL@DF_HSL_CWB(1.1),Current well-being,I,DEU,Germany,10_2,Feeling safe at night,PT_POP_Y_GE15,Percentage of population aged 15 years or over,_T,Total,_T,Total,_T,Total,HSL_10,Safety,2021,,75.3333333333,,A,Normal value,0,Units,2,Two,,
DATAFLOW,OECD.WISE.WDP:DSD_HSL@DF_HSL_CWB(1.1),Current well-being,I,FRA,France,10_2,Feeling safe at night,PT_POP_Y_GE15,Percentage of population aged 15 years or over,_T,Total,_T,Total,_T,Total,HSL_10,Safety,2023,,73,,A,Normal value,0,Units,2,Two,,
DATAFLOW,OECD.WISE.WDP:DSD_HSL@DF_HSL_CWB(1.1),Current well-being,I,FRA,France,10_2,Feeling safe at night,PT_POP_Y_GE15,Percentage of population aged 15 years or over,_T,Total,_T,Total,_T,Total,HSL_10,Safety,2024,,73,,A,Normal value,0,Units,2,Two,,
DATAFLOW,OECD.WISE.WDP:DSD_HSL@DF_HSL_CWB(1.1),Current well-being,I,FRA,France,10_2,Feeling safe at night,PT_POP_Y_GE15,Percentage of population aged 15 years or over,_T,Total,_T,Total,_T,Total,HSL_10,Safety,2018,,73.3333333333,,A,Normal value,0,Units,2,Two,,
DATAFLOW,OECD.WISE.WDP:DSD_HSL@DF_HSL_CWB(1.1),Current well-being,I,FRA,France,10_2,Feeling safe at night,PT_POP_Y_GE15,Percentage of population aged 15 years or over,_T,Total,_T,Total,_T,Total,HSL_10,Safety,2019,,73.3333333333,,A,Normal value,0,Units,2,Two,,
DATAFLOW,OECD.WISE.WDP:DSD_HSL@DF_HSL_CWB(1.1),Current well-being,I,FRA,France,10_2,Feeling safe at night,PT_POP_Y_GE15,Percentage of population aged 15 years or over,_T,Total,_T,Total,_T,Total,HSL_10,Safety,2020,,74.3333333333,,A,Normal value,0,Units,2,Two,,
DATAFLOW,OECD.WISE.WDP:DSD_HSL@DF_HSL_CWB(1.1),Current well-being,I,FRA,France,10_2,Feeling safe at night,PT_POP_Y_GE15,Percentage of population aged 15 years or over,_T,Total,_T,Total,_T,Total,HSL_10,Safety,2021,,74.3333333333,,A,Normal value,0,Units,2,Two,,
DATAFLOW,OECD.WISE.WDP:DSD_HSL@DF_HSL_CWB(1.1),Current well-being,I,FIN,Finland,10_2,Feeling safe at night,PT_POP_Y_GE15,Percentage of population aged 15 years or over,_T,Total,_T,Total,_T,Total,HSL_10,Safety,2020,,87,,A,Normal value,0,Units,2,Two,,
DATAFLOW,OECD.WISE.WDP:DSD_HSL@DF_HSL_CWB(1.1),Current well-being,I,FIN,Finland,10_2,Feeling safe at night,PT_POP_Y_GE15,Percentage of population aged 15 years or over,_T,Total,_T,Total,_T,Total,HSL_10,Safety,2021,,87,,A,Normal value,0,Units,2,Two,,
DATAFLOW,OECD.WISE.WDP:DSD_HSL@DF_HSL_CWB(1.1),Current well-being,I,FIN,Finland,10_2,Feeling safe at night,PT_POP_Y_GE15,Percentage of population aged 15 years or over,_T,Total,_T,Total,_T,Total,HSL_10,Safety,2022,,87,,A,Normal value,0,Units,2,Two,,
DATAFLOW,OECD.WISE.WDP:DSD_HSL@DF_HSL_CWB(1.1),Current well-being,I,FIN,Finland,10_2,Feeling safe at night,PT_POP_Y_GE15,Percentage of population aged 15 years or over,_T,Total,_T,Total,_T,Total,HSL_10,Safety,2023,,86.5,,A,Normal value,0,Units,2,Two,,
DATAFLOW,OECD.WISE.WDP:DSD_HSL@DF_HSL_CWB(1.1),Current well-being,I,FIN,Finland,10_2,Feeling safe at night,PT_POP_Y_GE15,Percentage of population aged 15 years or over,_T,Total,_T,Total,_T,Total,HSL_10,Safety,2024,,86.5,,A,Normal value,0,Units,2,Two,,
DATAFLOW,OECD.WISE.WDP:DSD_HSL@DF_HSL_CWB(1.1),Current well-being,I,FIN,Finland,10_2,Feeling safe at night,PT_POP_Y_GE15,Percentage of population aged 15 years or over,_T,Total,_T,Total,_T,Total,HSL_10,Safety,2018,,86.6666666667,,A,Normal value,0,Units,2,Two,,
DATAFLOW,OECD.WISE.WDP:DSD_HSL@DF_HSL_CWB(1.1),Current well-being,I,EST,Estonia,10_2,Feeling safe at night,PT_POP_Y_GE15,Percentage of population aged 15 years or over,_T,Total,_T,Total,_T,Total,HSL_10,Safety,2020,,78,,A,Normal value,0,Units,2,Two,,
DATAFLOW,OECD.WISE.WDP:DSD_HSL@DF_HSL_CWB(1.1),Current well-being,I,EST,Estonia,10_2,Feeling safe at night,PT_POP_Y_GE15,Percentage of population aged 15 years or over,_T,Total,_T,Total,_T,Total,HSL_10,Safety,2021,,78,,A,Normal value,0,Units,2,Two,,
DATAFLOW,OECD.WISE.WDP:DSD_HSL@DF_HSL_CWB(1.1),Current well-being,I,EST,Estonia,10_2,Feeling safe at night,PT_POP_Y_GE15,Percentage of population aged 15 years or over,_T,Total,_T,Total,_T,Total,HSL_10,Safety,2022,,78,,A,Normal value,0,Units,2,Two,,
DATAFLOW,OECD.WISE.WDP:DSD_HSL@DF_HSL_CWB(1.1),Current well-being,I,EST,Estonia,10_2,Feeling safe at night,PT_POP_Y_GE15,Percentage of population aged 15 years or over,_T,Total,_T,Total,_T,Total,HSL_10,Safety,2023,,84,,A,Normal value,0,Units,2,Two,,
DATAFLOW,OECD.WISE.WDP:DSD_HSL@DF_HSL_CWB(1.1),Current well-being,I,FRA,France,10_2,Feeling safe at night,PT_POP_Y_GE15,Percentage of population aged 15 years or over,_T,Total,_T,Total,_T,Total,HSL_10,Safety,2022,,74.3333333333,,A,Normal value,0,Units,2,Two,,
DATAFLOW,OECD.WISE.WDP:DSD_HSL@DF_HSL_CWB(1.1),Current well-being,I,FIN,Finland,10_2,Feeling safe at night,PT_POP_Y_GE15,Percentage of population aged 15 years or over,_T,Total,_T,Total,_T,Total,HSL_10,Safety,2019,,86.6666666667,,A,Normal value,0,Units,2,Two,,
DATAFLOW,OECD.WISE.WDP:DSD_HSL@DF_HSL_CWB(1.1),Current well-being,I,EST,Estonia,10_2,Feeling safe at night,PT_POP_Y_GE15,Percentage of population aged 15 years or over,_T,Total,_T,Total,_T,Total,HSL_10,Safety,2019,,72.3333333333,,A,Normal value,0,Units,2,Two,,
DATAFLOW,OECD.WISE.WDP:DSD_HSL@DF_HSL_CWB(1.1),Current well-being,I,DNK,Denmark,10_2,Feeling safe at night,PT_POP_Y_GE15,Percentage of population aged 15 years or over,_T,Total,_T,Total,_T,Total,HSL_10,Safety,2022,,86.3333333333,,A,Normal value,0,Units,2,Two,,
DATAFLOW,OECD.WISE.WDP:DSD_HSL@DF_HSL_CWB(1.1),Current well-being,I,CZE,Czechia,10_2,Feeling safe at night,PT_POP_Y_GE15,Percentage of population aged 15 years or over,_T,Total,_T,Total,_T,Total,HSL_10,Safety,2022,,77.6666666667,,A,Normal value,0,Units,2,Two,,
DATAFLOW,OECD.WISE.WDP:DSD_HSL@DF_HSL_CWB(1.1),Current well-being,I,BEL,Belgium,10_2,Feeling safe at night,PT_POP_Y_GE15,Percentage of population aged 15 years or over,_T,Total,_T,Total,_T,Total,HSL_10,Safety,2018,,65.6666666667,,A,Normal value,0,Units,2,Two,,
DATAFLOW,OECD.WISE.WDP:DSD_HSL@DF_HSL_CWB(1.1),Current well-being,I,BEL,Belgium,10_2,Feeling safe at night,PT_POP_Y_GE15,Percentage of population aged 15 years or over,_T,Total,_T,Total,_T,Total,HSL_10,Safety,2019,,65.6666666667,,A,Normal value,0,Units,2,Two,,
DATAFLOW,OECD.WISE.WDP:DSD_HSL@DF_HSL_CWB(1.1),Current well-being,I,BEL,Belgium,10_2,Feeling safe at night,PT_POP_Y_GE15,Percentage of population aged 15 years or over,_T,Total,_T,Total,_T,Total,HSL_10,Safety,2020,,65.6666666667,,A,Normal value,0,Units,2,Two,,
DATAFLOW,OECD.WISE.WDP:DSD_HSL@DF_HSL_CWB(1.1),Current well-being,I,BEL,Belgium,10_2,Feeling safe at night,PT_POP_Y_GE15,Percentage of population aged 15 years or over,_T,Total,_T,Total,_T,Total,HSL_10,Safety,2021,,65.6666666667,,A,Normal value,0,Units,2,Two,,
DATAFLOW,OECD.WISE.WDP:DSD_HSL@DF_HSL_CWB(1.1),Current well-being,I,AUT,Austria,10_2,Feeling safe at night,PT_POP_Y_GE15,Percentage of population aged 15 years or over,_T,Total,_T,Total,_T,Total,HSL_10,Safety,2018,,84,,A,Normal value,0,Units,2,Two,,
DATAFLOW,OECD.WISE.WDP:DSD_HSL@DF_HSL_CWB(1.1),Current well-being,I,AUT,Austria,10_2,Feeling safe at night,PT_POP_Y_GE15,Percentage of population aged 15 years or over,_T,Total,_T,Total,_T,Total,HSL_10,Safety,2019,,84,,A,Normal value,0,Units,2,Two,,
DATAFLOW,OECD.WISE.WDP:DSD_HSL@DF_HSL_CWB(1.1),Current well-being,I,AUT,Austria,10_2,Feeling safe at night,PT_POP_Y_GE15,Percentage of population aged 15 years or over,_T,Total,_T,Total,_T,Total,HSL_10,Safety,2023,,83,,A,Normal value,0,Units,2,Two,,
DATAFLOW,OECD.WISE.WDP:DSD_HSL@DF_HSL_CWB(1.1),Current well-being,I,AUT,Austria,10_2,Feeling safe at night,PT_POP_Y_GE15,Percentage of population aged 15 years or over,_T,Total,_T,Total,_T,Total,HSL_10,Safety,2024,,83,,A,Normal value,0,Units,2,Two,,
DATAFLOW,OECD.WISE.WDP:DSD_HSL@DF_HSL_CWB(1.1),Current well-being,I,CHE,Switzerland,10_2,Feeling safe at night,PT_POP_Y_GE15,Percentage of population aged 15 years or over,_T,Total,_T,Total,_T,Total,HSL_10,Safety,2024,,87.5,,A,Normal value,0,Units,2,Two,,
DATAFLOW,OECD.WISE.WDP:DSD_HSL@DF_HSL_CWB(1.1),Current well-being,I,CHE,Switzerland,10_2,Feeling safe at night,PT_POP_Y_GE15,Percentage of population aged 15 years or over,_T,Total,_T,Total,_T,Total,HSL_10,Safety,2018,,87.3333333333,,A,Normal value,0,Units,2,Two,,
DATAFLOW,OECD.WISE.WDP:DSD_HSL@DF_HSL_CWB(1.1),Current well-being,I,CHE,Switzerland,10_2,Feeling safe at night,PT_POP_Y_GE15,Percentage of population aged 15 years or over,_T,Total,_T,Total,_T,Total,HSL_10,Safety,2019,,87.3333333333,,A,Normal value,0,Units,2,Two,,
DATAFLOW,OECD.WISE.WDP:DSD_HSL@DF_HSL_CWB(1.1),Current well-being,I,CHE,Switzerland,10_2,Feeling safe at night,PT_POP_Y_GE15,Percentage of population aged 15 years or over,_T,Total,_T,Total,_T,Total,HSL_10,Safety,2020,,86.3333333333,,A,Normal value,0,Units,2,Two,,
DATAFLOW,OECD.WISE.WDP:DSD_HSL@DF_HSL_CWB(1.1),Current well-being,I,CHE,Switzerland,10_2,Feeling safe at night,PT_POP_Y_GE15,Percentage of population aged 15 years or over,_T,Total,_T,Total,_T,Total,HSL_10,Safety,2021,,86.3333333333,,A,Normal value,0,Units,2,Two,,
DATAFLOW,OECD.WISE.WDP:DSD_HSL@DF_HSL_CWB(1.1),Current well-being,I,SWE,Sweden,10_2,Feeling safe at night,PT_POP_Y_GE15,Percentage of population aged 15 years or over,_T,Total,_T,Total,_T,Total,HSL_10,Safety,2023,,80,,A,Normal value,0,Units,2,Two,,
DATAFLOW,OECD.WISE.WDP:DSD_HSL@DF_HSL_CWB(1.1),Current well-being,I,SWE,Sweden,10_2,Feeling safe at night,PT_POP_Y_GE15,Percentage of population aged 15 years or over,_T,Total,_T,Total,_T,Total,HSL_10,Safety,2024,,80,,A,Normal value,0,Units,2,Two,,
DATAFLOW,OECD.WISE.WDP:DSD_HSL@DF_HSL_CWB(1.1),Current well-being,I,SWE,Sweden,10_2,Feeling safe at night,PT_POP_Y_GE15,Percentage of population aged 15 years or over,_T,Total,_T,Total,_T,Total,HSL_10,Safety,2018,,76.3333333333,,A,Normal value,0,Units,2,Two,,
DATAFLOW,OECD.WISE.WDP:DSD_HSL@DF_HSL_CWB(1.1),Current well-being,I,SWE,Sweden,10_2,Feeling safe at night,PT_POP_Y_GE15,Percentage of population aged 15 years or over,_T,Total,_T,Total,_T,Total,HSL_10,Safety,2019,,76.3333333333,,A,Normal value,0,Units,2,Two,,
DATAFLOW,OECD.WISE.WDP:DSD_HSL@DF_HSL_CWB(1.1),Current well-being,I,SWE,Sweden,10_2,Feeling safe at night,PT_POP_Y_GE15,Percentage of population aged 15 years or over,_T,Total,_T,Total,_T,Total,HSL_10,Safety,2020,,80.6666666667,,A,Normal value,0,Units,2,Two,,
DATAFLOW,OECD.WISE.WDP:DSD_HSL@DF_HSL_CWB(1.1),Current well-being,I,SWE,Sweden,10_2,Feeling safe at night,PT_POP_Y_GE15,Percentage of population aged 15 years or over,_T,Total,_T,Total,_T,Total,HSL_10,Safety,2021,,80.6666666667,,A,Normal value,0,Units,2,Two,,
DATAFLOW,OECD.WISE.WDP:DSD_HSL@DF_HSL_CWB(1.1),Current well-being,I,ESP,Spain,10_2,Feeling safe at night,PT_POP_Y_GE15,Percentage of population aged 15 years or over,_T,Total,_T,Total,_T,Total,HSL_10,Safety,2023,,81.5,,A,Normal value,0,Units,2,Two,,
DATAFLOW,OECD.WISE.WDP:DSD_HSL@DF_HSL_CWB(1.1),Current well-being,I,ESP,Spain,10_2,Feeling safe at night,PT_POP_Y_GE15,Percentage of population aged 15 years or over,_T,Total,_T,Total,_T,Total,HSL_10,Safety,2024,,81.5,,A,Normal value,0,Units,2,Two,,
DATAFLOW,OECD.WISE.WDP:DSD_HSL@DF_HSL_CWB(1.1),Current well-being,I,ESP,Spain,10_2,Feeling safe at night,PT_POP_Y_GE15,Percentage of population aged 15 years or over,_T,Total,_T,Total,_T,Total,HSL_10,Safety,2018,,81.3333333333,,A,Normal value,0,Units,2,Two,,
DATAFLOW,OECD.WISE.WDP:DSD_HSL@DF_HSL_CWB(1.1),Current well-being,I,ESP,Spain,10_2,Feeling safe at night,PT_POP_Y_GE15,Percentage of population aged 15 years or over,_T,Total,_T,Total,_T,Total,HSL_10,Safety,2019,,81.3333333333,,A,Normal value,0,Units,2,Two,,
DATAFLOW,OECD.WISE.WDP:DSD_HSL@DF_HSL_CWB(1.1),Current well-being,I,ESP,Spain,10_2,Feeling safe at night,PT_POP_Y_GE15,Percentage of population aged 15 years or over,_T,Total,_T,Total,_T,Total,HSL_10,Safety,2020,,80.3333333333,,A,Normal value,0,Units,2,Two,,
DATAFLOW,OECD.WISE.WDP:DSD_HSL@DF_HSL_CWB(1.1),Current well-being,I,ESP,Spain,10_2,Feeling safe at night,PT_POP_Y_GE15,Percentage of population aged 15 years or over,_T,Total,_T,Total,_T,Total,HSL_10,Safety,2021,,80.3333333333,,A,Normal value,0,Units,2,Two,,
DATAFLOW,OECD.WISE.WDP:DSD_HSL@DF_HSL_CWB(1.1),Current well-being,I,SVN,Slovenia,10_2,Feeling safe at night,PT_POP_Y_GE15,Percentage of population aged 15 years or over,_T,Total,_T,Total,_T,Total,HSL_10,Safety,2020,,90,,A,Normal value,0,Units,2,Two,,
DATAFLOW,OECD.WISE.WDP:DSD_HSL@DF_HSL_CWB(1.1),Current well-being,I,SVN,Slovenia,10_2,Feeling safe at night,PT_POP_Y_GE15,Percentage of population aged 15 years or over,_T,Total,_T,Total,_T,Total,HSL_10,Safety,2021,,90,,A,Normal value,0,Units,2,Two,,
DATAFLOW,OECD.WISE.WDP:DSD_HSL@DF_HSL_CWB(1.1),Current well-being,I,SVN,Slovenia,10_2,Feeling safe at night,PT_POP_Y_GE15,Percentage of population aged 15 years or over,_T,Total,_T,Total,_T,Total,HSL_10,Safety,2022,,90,,A,Normal value,0,Units,2,Two,,
DATAFLOW,OECD.WISE.WDP:DSD_HSL@DF_HSL_CWB(1.1),Current well-being,I,SVN,Slovenia,10_2,Feeling safe at night,PT_POP_Y_GE15,Percentage of population aged 15 years or over,_T,Total,_T,Total,_T,Total,HSL_10,Safety,2023,,87.5,,A,Normal value,0,Units,2,Two,,
DATAFLOW,OECD.WISE.WDP:DSD_HSL@DF_HSL_CWB(1.1),Current well-being,I,SVN,Slovenia,10_2,Feeling safe at night,PT_POP_Y_GE15,Percentage of population aged 15 years or over,_T,Total,_T,Total,_T,Total,HSL_10,Safety,2024,,87.5,,A,Normal value,0,Units,2,Two,,
DATAFLOW,OECD.WISE.WDP:DSD_HSL@DF_HSL_CWB(1.1),Current well-being,I,SVN,Slovenia,10_2,Feeling safe at night,PT_POP_Y_GE15,Percentage of population aged 15 years or over,_T,Total,_T,Total,_T,Total,HSL_10,Safety,2018,,89.3333333333,,A,Normal value,0,Units,2,Two,,
DATAFLOW,OECD.WISE.WDP:DSD_HSL@DF_HSL_CWB(1.1),Current well-being,I,SVK,Slovak Republic,10_2,Feeling safe at night,PT_POP_Y_GE15,Percentage of population aged 15 years or over,_T,Total,_T,Total,_T,Total,HSL_10,Safety,2023,,67.5,,A,Normal value,0,Units,2,Two,,
DATAFLOW,OECD.WISE.WDP:DSD_HSL@DF_HSL_CWB(1.1),Current well-being,I,SVK,Slovak Republic,10_2,Feeling safe at night,PT_POP_Y_GE15,Percentage of population aged 15 years or over,_T,Total,_T,Total,_T,Total,HSL_10,Safety,2024,,67.5,,A,Normal value,0,Units,2,Two,,
DATAFLOW,OECD.WISE.WDP:DSD_HSL@DF_HSL_CWB(1.1),Current well-being,I,SVK,Slovak Republic,10_2,Feeling safe at night,PT_POP_Y_GE15,Percentage of population aged 15 years or over,_T,Total,_T,Total,_T,Total,HSL_10,Safety,2018,,65.6666666667,,A,Normal value,0,Units,2,Two,,
DATAFLOW,OECD.WISE.WDP:DSD_HSL@DF_HSL_CWB(1.1),Current well-being,I,SVK,Slovak Republic,10_2,Feeling safe at night,PT_POP_Y_GE15,Percentage of population aged 15 years or over,_T,Total,_T,Total,_T,Total,HSL_10,Safety,2019,,65.6666666667,,A,Normal value,0,Units,2,Two,,
DATAFLOW,OECD.WISE.WDP:DSD_HSL@DF_HSL_CWB(1.1),Current well-being,I,SVK,Slovak Republic,10_2,Feeling safe at night,PT_POP_Y_GE15,Percentage of population aged 15 years or over,_T,Total,_T,Total,_T,Total,HSL_10,Safety,2020,,72.6666666667,,A,Normal value,0,Units,2,Two,,
DATAFLOW,OECD.WISE.WDP:DSD_HSL@DF_HSL_CWB(1.1),Current well-being,I,SVK,Slovak Republic,10_2,Feeling safe at night,PT_POP_Y_GE15,Percentage of population aged 15 years or over,_T,Total,_T,Total,_T,Total,HSL_10,Safety,2021,,72.6666666667,,A,Normal value,0,Units,2,Two,,
DATAFLOW,OECD.WISE.WDP:DSD_HSL@DF_HSL_CWB(1.1),Current well-being,I,PRT,Portugal,10_2,Feeling safe at night,PT_POP_Y_GE15,Percentage of population aged 15 years or over,_T,Total,_T,Total,_T,Total,HSL_10,Safety,2020,,82,,A,Normal value,0,Units,2,Two,,
DATAFLOW,OECD.WISE.WDP:DSD_HSL@DF_HSL_CWB(1.1),Current well-being,I,PRT,Portugal,10_2,Feeling safe at night,PT_POP_Y_GE15,Percentage of population aged 15 years or over,_T,Total,_T,Total,_T,Total,HSL_10,Safety,2021,,82,,A,Normal value,0,Units,2,Two,,
DATAFLOW,OECD.WISE.WDP:DSD_HSL@DF_HSL_CWB(1.1),Current well-being,I,PRT,Portugal,10_2,Feeling safe at night,PT_POP_Y_GE15,Percentage of population aged 15 years or over,_T,Total,_T,Total,_T,Total,HSL_10,Safety,2022,,82,,A,Normal value,0,Units,2,Two,,
DATAFLOW,OECD.WISE.WDP:DSD_HSL@DF_HSL_CWB(1.1),Current well-being,I,PRT,Portugal,10_2,Feeling safe at night,PT_POP_Y_GE15,Percentage of population aged 15 years or over,_T,Total,_T,Total,_T,Total,HSL_10,Safety,2023,,80.5,,A,Normal value,0,Units,2,Two,,
DATAFLOW,OECD.WISE.WDP:DSD_HSL@DF_HSL_CWB(1.1),Current well-being,I,PRT,Portugal,10_2,Feeling safe at night,PT_POP_Y_GE15,Percentage of population aged 15 years or over,_T,Total,_T,Total,_T,Total,HSL_10,Safety,2024,,80.5,,A,Normal value,0,Units,2,Two,,
DATAFLOW,OECD.WISE.WDP:DSD_HSL@DF_HSL_CWB(1.1),Current well-being,I,PRT,Portugal,10_2,Feeling safe at night,PT_POP_Y_GE15,Percentage of population aged 15 years or over,_T,Total,_T,Total,_T,Total,HSL_10,Safety,2018,,79.3333333333,,A,Normal value,0,Units,2,Two,,
DATAFLOW,OECD.WISE.WDP:DSD_HSL@DF_HSL_CWB(1.1),Current well-being,I,POL,Poland,10_2,Feeling safe at night,PT_POP_Y_GE15,Percentage of population aged 15 years or over,_T,Total,_T,Total,_T,Total,HSL_10,Safety,2023,,67,,A,Normal value,0,Units,2,Two,,
DATAFLOW,OECD.WISE.WDP:DSD_HSL@DF_HSL_CWB(1.1),Current well-being,I,POL,Poland,10_2,Feeling safe at night,PT_POP_Y_GE15,Percentage of population aged 15 years or over,_T,Total,_T,Total,_T,Total,HSL_10,Safety,2024,,67,,A,Normal value,0,Units,2,Two,,
DATAFLOW,OECD.WISE.WDP:DSD_HSL@DF_HSL_CWB(1.1),Current well-being,I,POL,Poland,10_2,Feeling safe at night,PT_POP_Y_GE15,Percentage of population aged 15 years or over,_T,Total,_T,Total,_T,Total,HSL_10,Safety,2018,,70.6666666667,,A,Normal value,0,Units,2,Two,,
DATAFLOW,OECD.WISE.WDP:DSD_HSL@DF_HSL_CWB(1.1),Current well-being,I,POL,Poland,10_2,Feeling safe at night,PT_POP_Y_GE15,Percentage of population aged 15 years or over,_T,Total,_T,Total,_T,Total,HSL_10,Safety,2019,,70.6666666667,,A,Normal value,0,Units,2,Two,,
DATAFLOW,OECD.WISE.WDP:DSD_HSL@DF_HSL_CWB(1.1),Current well-being,I,POL,Poland,10_2,Feeling safe at night,PT_POP_Y_GE15,Percentage of population aged 15 years or over,_T,Total,_T,Total,_T,Total,HSL_10,Safety,2020,,70.6666666667,,A,Normal value,0,Units,2,Two,,
DATAFLOW,OECD.WISE.WDP:DSD_HSL@DF_HSL_CWB(1.1),Current well-being,I,POL,Poland,10_2,Feeling safe at night,PT_POP_Y_GE15,Percentage of population aged 15 years or over,_T,Total,_T,Total,_T,Total,HSL_10,Safety,2021,,70.6666666667,,A,Normal value,0,Units,2,Two,,
DATAFLOW,OECD.WISE.WDP:DSD_HSL@DF_HSL_CWB(1.1),Current well-being,I,NOR,Norway,10_2,Feeling safe at night,PT_POP_Y_GE15,Percentage of population aged 15 years or over,_T,Total,_T,Total,_T,Total,HSL_10,Safety,2023,,91.5,,A,Normal value,0,Units,2,Two,,
DATAFLOW,OECD.WISE.WDP:DSD_HSL@DF_HSL_CWB(1.1),Current well-being,I,NOR,Norway,10_2,Feeling safe at night,PT_POP_Y_GE15,Percentage of population aged 15 years or over,_T,Total,_T,Total,_T,Total,HSL_10,Safety,2024,,91.5,,A,Normal value,0,Units,2,Two,,
DATAFLOW,OECD.WISE.WDP:DSD_HSL@DF_HSL_CWB(1.1),Current well-being,I,NOR,Norway,10_2,Feeling safe at night,PT_POP_Y_GE15,Percentage of population aged 15 years or over,_T,Total,_T,Total,_T,Total,HSL_10,Safety,2018,,92.6666666667,,A,Normal value,0,Units,2,Two,,
DATAFLOW,OECD.WISE.WDP:DSD_HSL@DF_HSL_CWB(1.1),Current well-being,I,NOR,Norway,10_2,Feeling safe at night,PT_POP_Y_GE15,Percentage of population aged 15 years or over,_T,Total,_T,Total,_T,Total,HSL_10,Safety,2019,,92.6666666667,,A,Normal value,0,Units,2,Two,,
DATAFLOW,OECD.WISE.WDP:DSD_HSL@DF_HSL_CWB(1.1),Current well-being,I,NOR,Norway,10_2,Feeling safe at night,PT_POP_Y_GE15,Percentage of population aged 15 years or over,_T,Total,_T,Total,_T,Total,HSL_10,Safety,2020,,92.3333333333,,A,Normal value,0,Units,2,Two,,
DATAFLOW,OECD.WISE.WDP:DSD_HSL@DF_HSL_CWB(1.1),Current well-being,I,NOR,Norway,10_2,Feeling safe at night,PT_POP_Y_GE15,Percentage of population aged 15 years or over,_T,Total,_T,Total,_T,Total,HSL_10,Safety,2021,,92.3333333333,,A,Normal value,0,Units,2,Two,,
DATAFLOW,OECD.WISE.WDP:DSD_HSL@DF_HSL_CWB(1.1),Current well-being,I,NLD,Netherlands,10_2,Feeling safe at night,PT_POP_Y_GE15,Percentage of population aged 15 years or over,_T,Total,_T,Total,_T,Total,HSL_10,Safety,2023,,82.5,,A,Normal value,0,Units,2,Two,,
DATAFLOW,OECD.WISE.WDP:DSD_HSL@DF_HSL_CWB(1.1),Current well-being,I,NLD,Netherlands,10_2,Feeling safe at night,PT_POP_Y_GE15,Percentage of population aged 15 years or over,_T,Total,_T,Total,_T,Total,HSL_10,Safety,2024,,82.5,,A,Normal value,0,Units,2,Two,,
DATAFLOW,OECD.WISE.WDP:DSD_HSL@DF_HSL_CWB(1.1),Current well-being,I,NLD,Netherlands,10_2,Feeling safe at night,PT_POP_Y_GE15,Percentage of population aged 15 years or over,_T,Total,_T,Total,_T,Total,HSL_10,Safety,2018,,82.6666666667,,A,Normal value,0,Units,2,Two,,
DATAFLOW,OECD.WISE.WDP:DSD_HSL@DF_HSL_CWB(1.1),Current well-being,I,SVK,Slovak Republic,10_2,Feeling safe at night,PT_POP_Y_GE15,Percentage of population aged 15 years or over,_T,Total,_T,Total,_T,Total,HSL_10,Safety,2022,,72.6666666667,,A,Normal value,0,Units,2,Two,,
DATAFLOW,OECD.WISE.WDP:DSD_HSL@DF_HSL_CWB(1.1),Current well-being,I,PRT,Portugal,10_2,Feeling safe at night,PT_POP_Y_GE15,Percentage of population aged 15 years or over,_T,Total,_T,Total,_T,Total,HSL_10,Safety,2019,,79.3333333333,,A,Normal value,0,Units,2,Two,,
DATAFLOW,OECD.WISE.WDP:DSD_HSL@DF_HSL_CWB(1.1),Current well-being,I,POL,Poland,10_2,Feeling safe at night,PT_POP_Y_GE15,Percentage of population aged 15 years or over,_T,Total,_T,Total,_T,Total,HSL_10,Safety,2022,,70.6666666667,,A,Normal value,0,Units,2,Two,,
DATAFLOW,OECD.WISE.WDP:DSD_HSL@DF_HSL_CWB(1.1),Current well-being,I,NOR,Norway,10_2,Feeling safe at night,PT_POP_Y_GE15,Percentage of population aged 15 years or over,_T,Total,_T,Total,_T,Total,HSL_10,Safety,2022,,92.3333333333,,A,Normal value,0,Units,2,Two,,
DATAFLOW,OECD.WISE.WDP:DSD_HSL@DF_HSL_CWB(1.1),Current well-being,I,NLD,Netherlands,10_2,Feeling safe at night,PT_POP_Y_GE15,Percentage of population aged 15 years or over,_T,Total,_T,Total,_T,Total,HSL_10,Safety,2022,,82.6666666667,,A,Normal value,0,Units,2,Two,,
DATAFLOW,OECD.WISE.WDP:DSD_HSL@DF_HSL_CWB(1.1),Current well-being,I,LUX,Luxembourg,10_2,Feeling safe at night,PT_POP_Y_GE15,Percentage of population aged 15 years or over,_T,Total,_T,Total,_T,Total,HSL_10,Safety,2019,,83.3333333333,,A,Normal value,0,Units,2,Two,,
DATAFLOW,OECD.WISE.WDP:DSD_HSL@DF_HSL_CWB(1.1),Current well-being,I,LTU,Lithuania,10_2,Feeling safe at night,PT_POP_Y_GE15,Percentage of population aged 15 years or over,_T,Total,_T,Total,_T,Total,HSL_10,Safety,2022,,64.6666666667,,A,Normal value,0,Units,2,Two,,
DATAFLOW,OECD.WISE.WDP:DSD_HSL@DF_HSL_CWB(1.1),Current well-being,I,LVA,Latvia,10_2,Feeling safe at night,PT_POP_Y_GE15,Percentage of population aged 15 years or over,_T,Total,_T,Total,_T,Total,HSL_10,Safety,2022,,74.6666666667,,A,Normal value,0,Units,2,Two,,
DATAFLOW,OECD.WISE.WDP:DSD_HSL@DF_HSL_CWB(1.1),Current well-being,I,LUX,Luxembourg,10_2,Feeling safe at night,PT_POP_Y_GE15,Percentage of population aged 15 years or over,_T,Total,_T,Total,_T,Total,HSL_10,Safety,2022,,89,,A,Normal value,0,Units,2,Two,,
DATAFLOW,OECD.WISE.WDP:DSD_HSL@DF_HSL_CWB(1.1),Current well-being,I,LUX,Luxembourg,10_2,Feeling safe at night,PT_POP_Y_GE15,Percentage of population aged 15 years or over,_T,Total,_T,Total,_T,Total,HSL_10,Safety,2023,,87,,A,Normal value,0,Units,2,Two,,
DATAFLOW,OECD.WISE.WDP:DSD_HSL@DF_HSL_CWB(1.1),Current well-being,I,LUX,Luxembourg,10_2,Feeling safe at night,PT_POP_Y_GE15,Percentage of population aged 15 years or over,_T,Total,_T,Total,_T,Total,HSL_10,Safety,2018,,83.3333333333,,A,Normal value,0,Units,2,Two,,
DATAFLOW,OECD.WISE.WDP:DSD_HSL@DF_HSL_CWB(1.1),Current well-being,I,LTU,Lithuania,10_2,Feeling safe at night,PT_POP_Y_GE15,Percentage of population aged 15 years or over,_T,Total,_T,Total,_T,Total,HSL_10,Safety,2018,,67,,A,Normal value,0,Units,2,Two,,
DATAFLOW,OECD.WISE.WDP:DSD_HSL@DF_HSL_CWB(1.1),Current well-being,I,LTU,Lithuania,10_2,Feeling safe at night,PT_POP_Y_GE15,Percentage of population aged 15 years or over,_T,Total,_T,Total,_T,Total,HSL_10,Safety,2019,,67,,A,Normal value,0,Units,2,Two,,
DATAFLOW,OECD.WISE.WDP:DSD_HSL@DF_HSL_CWB(1.1),Current well-being,I,LTU,Lithuania,10_2,Feeling safe at night,PT_POP_Y_GE15,Percentage of population aged 15 years or over,_T,Total,_T,Total,_T,Total,HSL_10,Safety,2023,,73,,A,Normal value,0,Units,2,Two,,
DATAFLOW,OECD.WISE.WDP:DSD_HSL@DF_HSL_CWB(1.1),Current well-being,I,LTU,Lithuania,10_2,Feeling safe at night,PT_POP_Y_GE15,Percentage of population aged 15 years or over,_T,Total,_T,Total,_T,Total,HSL_10,Safety,2024,,73,,A,Normal value,0,Units,2,Two,,
DATAFLOW,OECD.WISE.WDP:DSD_HSL@DF_HSL_CWB(1.1),Current well-being,I,LTU,Lithuania,10_2,Feeling safe at night,PT_POP_Y_GE15,Percentage of population aged 15 years or over,_T,Total,_T,Total,_T,Total,HSL_10,Safety,2020,,64.6666666667,,A,Normal value,0,Units,2,Two,,
DATAFLOW,OECD.WISE.WDP:DSD_HSL@DF_HSL_CWB(1.1),Current well-being,I,LTU,Lithuania,10_2,Feeling safe at night,PT_POP_Y_GE15,Percentage of population aged 15 years or over,_T,Total,_T,Total,_T,Total,HSL_10,Safety,2021,,64.6666666667,,A,Normal value,0,Units,2,Two,,
DATAFLOW,OECD.WISE.WDP:DSD_HSL@DF_HSL_CWB(1.1),Current well-being,I,LVA,Latvia,10_2,Feeling safe at night,PT_POP_Y_GE15,Percentage of population aged 15 years or over,_T,Total,_T,Total,_T,Total,HSL_10,Safety,2018,,60,,A,Normal value,0,Units,2,Two,,
DATAFLOW,OECD.WISE.WDP:DSD_HSL@DF_HSL_CWB(1.1),Current well-being,I,LVA,Latvia,10_2,Feeling safe at night,PT_POP_Y_GE15,Percentage of population aged 15 years or over,_T,Total,_T,Total,_T,Total,HSL_10,Safety,2019,,60,,A,Normal value,0,Units,2,Two,,
DATAFLOW,OECD.WISE.WDP:DSD_HSL@DF_HSL_CWB(1.1),Current well-being,I,LVA,Latvia,10_2,Feeling safe at night,PT_POP_Y_GE15,Percentage of population aged 15 years or over,_T,Total,_T,Total,_T,Total,HSL_10,Safety,2023,,74.5,,A,Normal value,0,Units,2,Two,,
DATAFLOW,OECD.WISE.WDP:DSD_HSL@DF_HSL_CWB(1.1),Current well-being,I,LVA,Latvia,10_2,Feeling safe at night,PT_POP_Y_GE15,Percentage of population aged 15 years or over,_T,Total,_T,Total,_T,Total,HSL_10,Safety,2024,,74.5,,A,Normal value,0,Units,2,Two,,
DATAFLOW,OECD.WISE.WDP:DSD_HSL@DF_HSL_CWB(1.1),Current well-being,I,LVA,Latvia,10_2,Feeling safe at night,PT_POP_Y_GE15,Percentage of population aged 15 years or over,_T,Total,_T,Total,_T,Total,HSL_10,Safety,2020,,74.6666666667,,A,Normal value,0,Units,2,Two,,
DATAFLOW,OECD.WISE.WDP:DSD_HSL@DF_HSL_CWB(1.1),Current well-being,I,LVA,Latvia,10_2,Feeling safe at night,PT_POP_Y_GE15,Percentage of population aged 15 years or over,_T,Total,_T,Total,_T,Total,HSL_10,Safety,2021,,74.6666666667,,A,Normal value,0,Units,2,Two,,
DATAFLOW,OECD.WISE.WDP:DSD_HSL@DF_HSL_CWB(1.1),Current well-being,I,ITA,Italy,10_2,Feeling safe at night,PT_POP_Y_GE15,Percentage of population aged 15 years or over,_T,Total,_T,Total,_T,Total,HSL_10,Safety,2023,,62,,A,Normal value,0,Units,2,Two,,
DATAFLOW,OECD.WISE.WDP:DSD_HSL@DF_HSL_CWB(1.1),Current well-being,I,ITA,Italy,10_2,Feeling safe at night,PT_POP_Y_GE15,Percentage of population aged 15 years or over,_T,Total,_T,Total,_T,Total,HSL_10,Safety,2024,,62,,A,Normal value,0,Units,2,Two,,
DATAFLOW,OECD.WISE.WDP:DSD_HSL@DF_HSL_CWB(1.1),Current well-being,I,ITA,Italy,10_2,Feeling safe at night,PT_POP_Y_GE15,Percentage of population aged 15 years or over,_T,Total,_T,Total,_T,Total,HSL_10,Safety,2018,,63.3333333333,,A,Normal value,0,Units,2,Two,,
DATAFLOW,OECD.WISE.WDP:DSD_HSL@DF_HSL_CWB(1.1),Current well-being,I,ITA,Italy,10_2,Feeling safe at night,PT_POP_Y_GE15,Percentage of population aged 15 years or over,_T,Total,_T,Total,_T,Total,HSL_10,Safety,2019,,63.3333333333,,A,Normal value,0,Units,2,Two,,
DATAFLOW,OECD.WISE.WDP:DSD_HSL@DF_HSL_CWB(1.1),Current well-being,I,ITA,Italy,10_2,Feeling safe at night,PT_POP_Y_GE15,Percentage of population aged 15 years or over,_T,Total,_T,Total,_T,Total,HSL_10,Safety,2020,,70.3333333333,,A,Normal value,0,Units,2,Two,,
DATAFLOW,OECD.WISE.WDP:DSD_HSL@DF_HSL_CWB(1.1),Current well-being,I,ITA,Italy,10_2,Feeling safe at night,PT_POP_Y_GE15,Percentage of population aged 15 years or over,_T,Total,_T,Total,_T,Total,HSL_10,Safety,2021,,70.3333333333,,A,Normal value,0,Units,2,Two,,
DATAFLOW,OECD.WISE.WDP:DSD_HSL@DF_HSL_CWB(1.1),Current well-being,I,IRL,Ireland,10_2,Feeling safe at night,PT_POP_Y_GE15,Percentage of population aged 15 years or over,_T,Total,_T,Total,_T,Total,HSL_10,Safety,2020,,74,,A,Normal value,0,Units,2,Two,,
DATAFLOW,OECD.WISE.WDP:DSD_HSL@DF_HSL_CWB(1.1),Current well-being,I,IRL,Ireland,10_2,Feeling safe at night,PT_POP_Y_GE15,Percentage of population aged 15 years or over,_T,Total,_T,Total,_T,Total,HSL_10,Safety,2021,,74,,A,Normal value,0,Units,2,Two,,
DATAFLOW,OECD.WISE.WDP:DSD_HSL@DF_HSL_CWB(1.1),Current well-being,I,IRL,Ireland,10_2,Feeling safe at night,PT_POP_Y_GE15,Percentage of population aged 15 years or over,_T,Total,_T,Total,_T,Total,HSL_10,Safety,2022,,74,,A,Normal value,0,Units,2,Two,,
DATAFLOW,OECD.WISE.WDP:DSD_HSL@DF_HSL_CWB(1.1),Current well-being,I,IRL,Ireland,10_2,Feeling safe at night,PT_POP_Y_GE15,Percentage of population aged 15 years or over,_T,Total,_T,Total,_T,Total,HSL_10,Safety,2023,,77,,A,Normal value,0,Units,2,Two,,
DATAFLOW,OECD.WISE.WDP:DSD_HSL@DF_HSL_CWB(1.1),Current well-being,I,IRL,Ireland,10_2,Feeling safe at night,PT_POP_Y_GE15,Percentage of population aged 15 years or over,_T,Total,_T,Total,_T,Total,HSL_10,Safety,2024,,77,,A,Normal value,0,Units,2,Two,,
DATAFLOW,OECD.WISE.WDP:DSD_HSL@DF_HSL_CWB(1.1),Current well-being,I,IRL,Ireland,10_2,Feeling safe at night,PT_POP_Y_GE15,Percentage of population aged 15 years or over,_T,Total,_T,Total,_T,Total,HSL_10,Safety,2018,,76.6666666667,,A,Normal value,0,Units,2,Two,,
DATAFLOW,OECD.WISE.WDP:DSD_HSL@DF_HSL_CWB(1.1),Current well-being,I,ISL,Iceland,10_2,Feeling safe at night,PT_POP_Y_GE15,Percentage of population aged 15 years or over,_T,Total,_T,Total,_T,Total,HSL_10,Safety,2019,,85,,A,Normal value,0,Units,2,Two,,
DATAFLOW,OECD.WISE.WDP:DSD_HSL@DF_HSL_CWB(1.1),Current well-being,I,ISL,Iceland,10_2,Feeling safe at night,PT_POP_Y_GE15,Percentage of population aged 15 years or over,_T,Total,_T,Total,_T,Total,HSL_10,Safety,2020,,85,,A,Normal value,0,Units,2,Two,,
DATAFLOW,OECD.WISE.WDP:DSD_HSL@DF_HSL_CWB(1.1),Current well-being,I,ISL,Iceland,10_2,Feeling safe at night,PT_POP_Y_GE15,Percentage of population aged 15 years or over,_T,Total,_T,Total,_T,Total,HSL_10,Safety,2021,,85,,A,Normal value,0,Units,2,Two,,
DATAFLOW,OECD.WISE.WDP:DSD_HSL@DF_HSL_CWB(1.1),Current well-being,I,ISL,Iceland,10_2,Feeling safe at night,PT_POP_Y_GE15,Percentage of population aged 15 years or over,_T,Total,_T,Total,_T,Total,HSL_10,Safety,2022,,85,,A,Normal value,0,Units,2,Two,,
DATAFLOW,OECD.WISE.WDP:DSD_HSL@DF_HSL_CWB(1.1),Current well-being,I,ISL,Iceland,10_2,Feeling safe at night,PT_POP_Y_GE15,Percentage of population aged 15 years or over,_T,Total,_T,Total,_T,Total,HSL_10,Safety,2023,,87.5,,A,Normal value,0,Units,2,Two,,
DATAFLOW,OECD.WISE.WDP:DSD_HSL@DF_HSL_CWB(1.1),Current well-being,I,HUN,Hungary,10_2,Feeling safe at night,PT_POP_Y_GE15,Percentage of population aged 15 years or over,_T,Total,_T,Total,_T,Total,HSL_10,Safety,2018,,64,,A,Normal value,0,Units,2,Two,,
DATAFLOW,OECD.WISE.WDP:DSD_HSL@DF_HSL_CWB(1.1),Current well-being,I,HUN,Hungary,10_2,Feeling safe at night,PT_POP_Y_GE15,Percentage of population aged 15 years or over,_T,Total,_T,Total,_T,Total,HSL_10,Safety,2019,,64,,A,Normal value,0,Units,2,Two,,
DATAFLOW,OECD.WISE.WDP:DSD_HSL@DF_HSL_CWB(1.1),Current well-being,I,HUN,Hungary,10_2,Feeling safe at night,PT_POP_Y_GE15,Percentage of population aged 15 years or over,_T,Total,_T,Total,_T,Total,HSL_10,Safety,2023,,73.5,,A,Normal value,0,Units,2,Two,,
DATAFLOW,OECD.WISE.WDP:DSD_HSL@DF_HSL_CWB(1.1),Current well-being,I,HUN,Hungary,10_2,Feeling safe at night,PT_POP_Y_GE15,Percentage of population aged 15 years or over,_T,Total,_T,Total,_T,Total,HSL_10,Safety,2024,,73.5,,A,Normal value,0,Units,2,Two,,
DATAFLOW,OECD.WISE.WDP:DSD_HSL@DF_HSL_CWB(1.1),Current well-being,I,HUN,Hungary,10_2,Feeling safe at night,PT_POP_Y_GE15,Percentage of population aged 15 years or over,_T,Total,_T,Total,_T,Total,HSL_10,Safety,2020,,73.6666666667,,A,Normal value,0,Units,2,Two,,
DATAFLOW,OECD.WISE.WDP:DSD_HSL@DF_HSL_CWB(1.1),Current well-being,I,HUN,Hungary,10_2,Feeling safe at night,PT_POP_Y_GE15,Percentage of population aged 15 years or over,_T,Total,_T,Total,_T,Total,HSL_10,Safety,2021,,73.6666666667,,A,Normal value,0,Units,2,Two,,
DATAFLOW,OECD.WISE.WDP:DSD_HSL@DF_HSL_CWB(1.1),Current well-being,I,GRC,Greece,10_2,Feeling safe at night,PT_POP_Y_GE15,Percentage of population aged 15 years or over,_T,Total,_T,Total,_T,Total,HSL_10,Safety,2023,,64,,A,Normal value,0,Units,2,Two,,
DATAFLOW,OECD.WISE.WDP:DSD_HSL@DF_HSL_CWB(1.1),Current well-being,I,GRC,Greece,10_2,Feeling safe at night,PT_POP_Y_GE15,Percentage of population aged 15 years or over,_T,Total,_T,Total,_T,Total,HSL_10,Safety,2024,,64,,A,Normal value,0,Units,2,Two,,
DATAFLOW,OECD.WISE.WDP:DSD_HSL@DF_HSL_CWB(1.1),Current well-being,I,GRC,Greece,10_2,Feeling safe at night,PT_POP_Y_GE15,Percentage of population aged 15 years or over,_T,Total,_T,Total,_T,Total,HSL_10,Safety,2018,,56.6666666667,,A,Normal value,0,Units,2,Two,,
DATAFLOW,OECD.WISE.WDP:DSD_HSL@DF_HSL_CWB(1.1),Current well-being,I,GRC,Greece,10_2,Feeling safe at night,PT_POP_Y_GE15,Percentage of population aged 15 years or over,_T,Total,_T,Total,_T,Total,HSL_10,Safety,2019,,56.6666666667,,A,Normal value,0,Units,2,Two,,
DATAFLOW,OECD.WISE.WDP:DSD_HSL@DF_HSL_CWB(1.1),Current well-being,I,GRC,Greece,10_2,Feeling safe at night,PT_POP_Y_GE15,Percentage of population aged 15 years or over,_T,Total,_T,Total,_T,Total,HSL_10,Safety,2020,,66.3333333333,,A,Normal value,0,Units,2,Two,,
DATAFLOW,OECD.WISE.WDP:DSD_HSL@DF_HSL_CWB(1.1),Current well-being,I,ROU,Romania,10_2,Feeling safe at night,PT_POP_Y_GE15,Percentage of population aged 15 years or over,_T,Total,_T,Total,_T,Total,HSL_10,Safety,2023,,66,,A,Normal value,0,Units,2,Two,,
DATAFLOW,OECD.WISE.WDP:DSD_HSL@DF_HSL_CWB(1.1),Current well-being,I,ROU,Romania,10_2,Feeling safe at night,PT_POP_Y_GE15,Percentage of population aged 15 years or over,_T,Total,_T,Total,_T,Total,HSL_10,Safety,2024,,66,,A,Normal value,0,Units,2,Two,,
DATAFLOW,OECD.WISE.WDP:DSD_HSL@DF_HSL_CWB(1.1),Current well-being,I,ROU,Romania,10_2,Feeling safe at night,PT_POP_Y_GE15,Percentage of population aged 15 years or over,_T,Total,_T,Total,_T,Total,HSL_10,Safety,2018,,63.6666666667,,A,Normal value,0,Units,2,Two,,
DATAFLOW,OECD.WISE.WDP:DSD_HSL@DF_HSL_CWB(1.1),Current well-being,I,ROU,Romania,10_2,Feeling safe at night,PT_POP_Y_GE15,Percentage of population aged 15 years or over,_T,Total,_T,Total,_T,Total,HSL_10,Safety,2019,,63.6666666667,,A,Normal value,0,Units,2,Two,,
DATAFLOW,OECD.WISE.WDP:DSD_HSL@DF_HSL_CWB(1.1),Current well-being,I,ROU,Romania,10_2,Feeling safe at night,PT_POP_Y_GE15,Percentage of population aged 15 years or over,_T,Total,_T,Total,_T,Total,HSL_10,Safety,2020,,67.3333333333,,A,Normal value,0,Units,2,Two,,
DATAFLOW,OECD.WISE.WDP:DSD_HSL@DF_HSL_CWB(1.1),Current well-being,I,ROU,Romania,10_2,Feeling safe at night,PT_POP_Y_GE15,Percentage of population aged 15 years or over,_T,Total,_T,Total,_T,Total,HSL_10,Safety,2021,,67.3333333333,,A,Normal value,0,Units,2,Two,,
DATAFLOW,OECD.WISE.WDP:DSD_HSL@DF_HSL_CWB(1.1),Current well-being,I,HRV,Croatia,10_2,Feeling safe at night,PT_POP_Y_GE15,Percentage of population aged 15 years or over,_T,Total,_T,Total,_T,Total,HSL_10,Safety,2020,,82,,A,Normal value,0,Units,2,Two,,
DATAFLOW,OECD.WISE.WDP:DSD_HSL@DF_HSL_CWB(1.1),Current well-being,I,HRV,Croatia,10_2,Feeling safe at night,PT_POP_Y_GE15,Percentage of population aged 15 years or over,_T,Total,_T,Total,_T,Total,HSL_10,Safety,2021,,82,,A,Normal value,0,Units,2,Two,,
DATAFLOW,OECD.WISE.WDP:DSD_HSL@DF_HSL_CWB(1.1),Current well-being,I,HRV,Croatia,10_2,Feeling safe at night,PT_POP_Y_GE15,Percentage of population aged 15 years or over,_T,Total,_T,Total,_T,Total,HSL_10,Safety,2022,,82,,A,Normal value,0,Units,2,Two,,
DATAFLOW,OECD.WISE.WDP:DSD_HSL@DF_HSL_CWB(1.1),Current well-being,I,HRV,Croatia,10_2,Feeling safe at night,PT_POP_Y_GE15,Percentage of population aged 15 years or over,_T,Total,_T,Total,_T,Total,HSL_10,Safety,2023,,73.5,,A,Normal value,0,Units,2,Two,,
DATAFLOW,OECD.WISE.WDP:DSD_HSL@DF_HSL_CWB(1.1),Current well-being,I,HRV,Croatia,10_2,Feeling safe at night,PT_POP_Y_GE15,Percentage of population aged 15 years or over,_T,Total,_T,Total,_T,Total,HSL_10,Safety,2024,,73.5,,A,Normal value,0,Units,2,Two,,
DATAFLOW,OECD.WISE.WDP:DSD_HSL@DF_HSL_CWB(1.1),Current well-being,I,HRV,Croatia,10_2,Feeling safe at night,PT_POP_Y_GE15,Percentage of population aged 15 years or over,_T,Total,_T,Total,_T,Total,HSL_10,Safety,2018,,72.6666666667,,A,Normal value,0,Units,2,Two,,
DATAFLOW,OECD.WISE.WDP:DSD_HSL@DF_HSL_CWB(1.1),Current well-being,I,GBR,United Kingdom,10_2,Feeling safe at night,PT_POP_Y_GE15,Percentage of population aged 15 years or over,_T,Total,_T,Total,_T,Total,HSL_10,Safety,2023,,76,,A,Normal value,0,Units,2,Two,,
DATAFLOW,OECD.WISE.WDP:DSD_HSL@DF_HSL_CWB(1.1),Current well-being,I,GBR,United Kingdom,10_2,Feeling safe at night,PT_POP_Y_GE15,Percentage of population aged 15 years or over,_T,Total,_T,Total,_T,Total,HSL_10,Safety,2024,,76,,A,Normal value,0,Units,2,Two,,
DATAFLOW,OECD.WISE.WDP:DSD_HSL@DF_HSL_CWB(1.1),Current well-being,I,EST,Estonia,10_2,Feeling safe at night,PT_POP_Y_GE15,Percentage of population aged 15 years or over,_T,Total,_T,Total,_T,Total,HSL_10,Safety,2024,,84,,A,Normal value,0,Units,2,Two,,
DATAFLOW,OECD.WISE.WDP:DSD_HSL@DF_HSL_CWB(1.1),Current well-being,I,EST,Estonia,10_2,Feeling safe at night,PT_POP_Y_GE15,Percentage of population aged 15 years or over,_T,Total,_T,Total,_T,Total,HSL_10,Safety,2018,,72.3333333333,,A,Normal value,0,Units,2,Two,,
DATAFLOW,OECD.WISE.WDP:DSD_HSL@DF_HSL_CWB(1.1),Current well-being,I,DNK,Denmark,10_2,Feeling safe at night,PT_POP_Y_GE15,Percentage of population aged 15 years or over,_T,Total,_T,Total,_T,Total,HSL_10,Safety,2023,,87.5,,A,Normal value,0,Units,2,Two,,
DATAFLOW,OECD.WISE.WDP:DSD_HSL@DF_HSL_CWB(1.1),Current well-being,I,DNK,Denmark,10_2,Feeling safe at night,PT_POP_Y_GE15,Percentage of population aged 15 years or over,_T,Total,_T,Total,_T,Total,HSL_10,Safety,2024,,87.5,,A,Normal value,0,Units,2,Two,,
DATAFLOW,OECD.WISE.WDP:DSD_HSL@DF_HSL_CWB(1.1),Current well-being,I,DNK,Denmark,10_2,Feeling safe at night,PT_POP_Y_GE15,Percentage of population aged 15 years or over,_T,Total,_T,Total,_T,Total,HSL_10,Safety,2018,,85.6666666667,,A,Normal value,0,Units,2,Two,,
DATAFLOW,OECD.WISE.WDP:DSD_HSL@DF_HSL_CWB(1.1),Current well-being,I,DNK,Denmark,10_2,Feeling safe at night,PT_POP_Y_GE15,Percentage of population aged 15 years or over,_T,Total,_T,Total,_T,Total,HSL_10,Safety,2019,,85.6666666667,,A,Normal value,0,Units,2,Two,,
DATAFLOW,OECD.WISE.WDP:DSD_HSL@DF_HSL_CWB(1.1),Current well-being,I,DNK,Denmark,10_2,Feeling safe at night,PT_POP_Y_GE15,Percentage of population aged 15 years or over,_T,Total,_T,Total,_T,Total,HSL_10,Safety,2020,,86.3333333333,,A,Normal value,0,Units,2,Two,,
DATAFLOW,OECD.WISE.WDP:DSD_HSL@DF_HSL_CWB(1.1),Current well-being,I,DNK,Denmark,10_2,Feeling safe at night,PT_POP_Y_GE15,Percentage of population aged 15 years or over,_T,Total,_T,Total,_T,Total,HSL_10,Safety,2021,,86.3333333333,,A,Normal value,0,Units,2,Two,,
DATAFLOW,OECD.WISE.WDP:DSD_HSL@DF_HSL_CWB(1.1),Current well-being,I,CZE,Czechia,10_2,Feeling safe at night,PT_POP_Y_GE15,Percentage of population aged 15 years or over,_T,Total,_T,Total,_T,Total,HSL_10,Safety,2018,,72.5,,A,Normal value,0,Units,2,Two,,
DATAFLOW,OECD.WISE.WDP:DSD_HSL@DF_HSL_CWB(1.1),Current well-being,I,CZE,Czechia,10_2,Feeling safe at night,PT_POP_Y_GE15,Percentage of population aged 15 years or over,_T,Total,_T,Total,_T,Total,HSL_10,Safety,2023,,75.5,,A,Normal value,0,Units,2,Two,,
DATAFLOW,OECD.WISE.WDP:DSD_HSL@DF_HSL_CWB(1.1),Current well-being,I,CZE,Czechia,10_2,Feeling safe at night,PT_POP_Y_GE15,Percentage of population aged 15 years or over,_T,Total,_T,Total,_T,Total,HSL_10,Safety,2024,,75.5,,A,Normal value,0,Units,2,Two,,
DATAFLOW,OECD.WISE.WDP:DSD_HSL@DF_HSL_CWB(1.1),Current well-being,I,CZE,Czechia,10_2,Feeling safe at night,PT_POP_Y_GE15,Percentage of population aged 15 years or over,_T,Total,_T,Total,_T,Total,HSL_10,Safety,2020,,77.6666666667,,A,Normal value,0,Units,2,Two,,
